centro_x,centro_y
686657.3726119606,7643433.560264369
